{"cameraMode":{"drawMode":0,"name":"Shaded","section":"Shading Mode"},"sceneLighting":false,"audioPlay":false,"sceneViewState":{"m_AlwaysRefresh":false,"showFog":false,"showSkybox":false,"showFlares":false,"showImageEffects":false,"showParticleSystems":false,"showVisualEffectGraphs":true,"m_FxEnabled":true},"in2DMode":false,"pivot":{"x":0.7123074531555176,"y":0.43855535984039309,"z":-0.5071487426757813},"rotation":{"x":0.015668712556362153,"y":-0.9506707787513733,"z":0.04851454868912697,"w":0.30618831515312197},"size":1.2114490270614625,"orthographic":false}