{"cameraMode":{"drawMode":0,"name":"Shaded","section":"Shading Mode"},"sceneLighting":true,"audioPlay":false,"sceneViewState":{"showFog":true,"showMaterialUpdate":true,"showSkybox":true,"showFlares":true,"showImageEffects":true,"showParticleSystems":true},"in2DMode":false,"pivot":{"x":249.93316650390626,"y":769.7941284179688,"z":75.751708984375},"rotation":{"x":0.0011896397918462754,"y":0.032092172652482989,"z":0.00003904018740286119,"w":-0.999489426612854},"size":2493.271728515625,"orthographic":false}