{"cameraMode":{"drawMode":0,"name":"Shaded","section":"Shading Mode"},"sceneLighting":true,"audioPlay":false,"sceneViewState":{"m_AlwaysRefresh":false,"showFog":true,"showSkybox":true,"showFlares":true,"showImageEffects":true,"showParticleSystems":true,"showVisualEffectGraphs":true,"m_FxEnabled":true},"in2DMode":false,"pivot":{"x":7.0697479248046879,"y":0.37669867277145388,"z":3.877591133117676},"rotation":{"x":-0.03964348882436752,"y":-0.5228825807571411,"z":0.023345425724983217,"w":-0.851518988609314},"size":2.1825931072235109,"orthographic":false}