{"cameraMode":{"drawMode":0,"name":"Shaded","section":"Shading Mode"},"sceneLighting":true,"audioPlay":false,"sceneViewState":{"m_AlwaysRefresh":false,"showFog":true,"showSkybox":true,"showFlares":true,"showImageEffects":true,"showParticleSystems":true,"showVisualEffectGraphs":true,"m_FxEnabled":true},"in2DMode":false,"pivot":{"x":-0.9292424321174622,"y":1.3450310230255128,"z":0.1501772254705429},"rotation":{"x":0.07887536287307739,"y":-0.7109305262565613,"z":0.08059874922037125,"w":0.6943058967590332},"size":0.44633978605270388,"orthographic":false}