{"cameraMode":{"drawMode":0,"name":"Shaded","section":"Shading Mode"},"sceneLighting":false,"audioPlay":false,"sceneViewState":{"m_AlwaysRefresh":false,"showFog":true,"showSkybox":false,"showFlares":true,"showImageEffects":true,"showParticleSystems":true,"showVisualEffectGraphs":true,"m_FxEnabled":true},"in2DMode":false,"pivot":{"x":0.30448898673057558,"y":0.09072978794574738,"z":-0.023818816989660264},"rotation":{"x":0.13284988701343537,"y":-0.6252036690711975,"z":0.10919090360403061,"w":0.7613857388496399},"size":0.08448372781276703,"orthographic":false}